command,mean,stddev,median,user,system,min,max
gia get-fasta -b data/a.sorted.bed -f data/Homo_sapiens.GRCh38.dna.primary_assembly.fa -o /dev/null,0.048328664993333326,0.00036211798100711144,0.04831734866,0.040439409999999995,0.0074137399999999985,0.047504431660000006,0.04907230666
bedtools getfasta -fi data/Homo_sapiens.GRCh38.dna.primary_assembly.fa -bed data/a.sorted.bed > /dev/null,0.99092009406,0.009258101749702907,0.98921634816,0.38175146,0.60850434,0.97878188966,1.00732593166
