command,mean,stddev,median,user,system,min,max
gia intersect -a data/random_a_750000.bed -b data/random_b_750000.bed -o /dev/null,0.39387274884666673,0.0024386897320020666,0.39477662418000004,0.37591512666666665,0.016760726666666666,0.39111116518000005,0.39573045718000005
gia intersect -S -a data/random_a_750000.bed -b data/random_b_750000.bed -o /dev/null,0.10747390218000001,0.0001781269265523848,0.10740099918,0.10023445999999998,0.006563393333333333,0.10734379118000001,0.10767691618
bedtools intersect -a data/random_a_750000.bed -b data/random_b_750000.bed > /dev/null,2.04287115218,0.007772066180164384,2.03872337418,1.9816477933333332,0.05644205999999999,2.03805287418,2.0518372081800003
bedtools intersect -a data/random_a_750000.bed -b data/random_b_750000.bed -sorted > /dev/null,0.8948979575133335,0.007248643432042234,0.8920997901800001,0.8662727933333333,0.027664393333333332,0.8894654581800001,0.9031286241800001
bedops -i data/random_a_750000.bed data/random_b_750000.bed > /dev/null,0.3053336795133334,0.0014144755177242627,0.30531420818000005,0.2931001266666666,0.011350393333333333,0.30392904018000005,0.30675779018000005
