{
  "results": [
    {
      "command": "gia intersect -a data/a.sorted.bed -b data/b.sorted.bed -o /dev/null",
      "mean": 0.05608805220615386,
      "stddev": 0.0009088169579803526,
      "median": 0.056368856360000004,
      "user": 0.05241609230769232,
      "system": 0.00317905076923077,
      "min": 0.05442489686,
      "max": 0.05997360586,
      "times": [
        0.05526185586,
        0.05491485586,
        0.055730355860000004,
        0.05674556486,
        0.05667168886,
        0.05642885586,
        0.05621414786,
        0.05674418986,
        0.056231147860000004,
        0.05526514786,
        0.05531910586,
        0.05568098086,
        0.05522531386,
        0.054705396860000005,
        0.05496856386,
        0.05442489686,
        0.05524439686,
        0.055222272860000005,
        0.05545368986,
        0.054779063860000005,
        0.05525273086,
        0.05517410586,
        0.05516460586,
        0.05511885586,
        0.05501077186,
        0.05543218986,
        0.056471813860000004,
        0.05669593986,
        0.05671368886,
        0.05674789786,
        0.05671806486,
        0.05662652186,
        0.056784563860000005,
        0.05656348086,
        0.056461189860000004,
        0.056502646860000005,
        0.05659014786,
        0.056305772860000006,
        0.056667105860000004,
        0.056368564860000005,
        0.05651993886,
        0.056773646860000006,
        0.057266647860000006,
        0.05997360586,
        0.05633835586,
        0.05630327286,
        0.05641402286,
        0.05674685586,
        0.05642002286,
        0.05636914786,
        0.056392647860000006,
        0.05645839686
      ],
      "exit_codes": [
        0,
        0,
        0,
        0,
        0,
        0,
        0,
        0,
        0,
        0,
        0,
        0,
        0,
        0,
        0,
        0,
        0,
        0,
        0,
        0,
        0,
        0,
        0,
        0,
        0,
        0,
        0,
        0,
        0,
        0,
        0,
        0,
        0,
        0,
        0,
        0,
        0,
        0,
        0,
        0,
        0,
        0,
        0,
        0,
        0,
        0,
        0,
        0,
        0,
        0,
        0,
        0
      ]
    },
    {
      "command": "gia intersect -N -a data/a.sorted.bed -b data/b.sorted.bed -o /dev/null",
      "mean": 0.06218628518608695,
      "stddev": 0.00027875225095239054,
      "median": 0.062200293360000006,
      "user": 0.05780835652173913,
      "system": 0.003888711304347825,
      "min": 0.06160056386,
      "max": 0.06271623086,
      "times": [
        0.06253514686,
        0.06199435586,
        0.06234039786000001,
        0.062146980860000006,
        0.06227160586000001,
        0.06254852286,
        0.062393605860000007,
        0.06233056386000001,
        0.06180548086,
        0.06240852286000001,
        0.06271623086,
        0.06229077186,
        0.06216193886,
        0.06241268986000001,
        0.06199335586,
        0.061734938860000005,
        0.062195230860000006,
        0.06256881486,
        0.06261231386,
        0.06226160586,
        0.061961896860000004,
        0.06197427286,
        0.06218143886000001,
        0.06235156386,
        0.06232060586,
        0.062205355860000006,
        0.06213985586000001,
        0.061894189860000004,
        0.06233364786000001,
        0.06160956486000001,
        0.06160056386,
        0.061745063860000005,
        0.06244377186,
        0.06242439786000001,
        0.06203818886000001,
        0.06270006386,
        0.062149355860000005,
        0.061919605860000004,
        0.06229077286000001,
        0.061933314860000005,
        0.06227448086000001,
        0.06217539786000001,
        0.061943146860000006,
        0.06245123086,
        0.06181852286,
        0.061965771860000005
      ],
      "exit_codes": [
        0,
        0,
        0,
        0,
        0,
        0,
        0,
        0,
        0,
        0,
        0,
        0,
        0,
        0,
        0,
        0,
        0,
        0,
        0,
        0,
        0,
        0,
        0,
        0,
        0,
        0,
        0,
        0,
        0,
        0,
        0,
        0,
        0,
        0,
        0,
        0,
        0,
        0,
        0,
        0,
        0,
        0,
        0,
        0,
        0,
        0
      ]
    },
    {
      "command": "bedtools intersect -a data/a.sorted.bed -b data/b.sorted.bed > /dev/null",
      "mean": 0.22897954185999997,
      "stddev": 0.0015551786241027141,
      "median": 0.22936410586,
      "user": 0.21334674615384613,
      "system": 0.013894743076923075,
      "min": 0.22668227286,
      "max": 0.23252452286000003,
      "times": [
        0.22752035586000002,
        0.22668227286,
        0.22856398086000002,
        0.22766377286,
        0.22963073086000002,
        0.23252452286000003,
        0.22908110586000002,
        0.22936410586,
        0.22688698086,
        0.22952518886,
        0.22969493986,
        0.22993031386,
        0.22966577286
      ],
      "exit_codes": [
        0,
        0,
        0,
        0,
        0,
        0,
        0,
        0,
        0,
        0,
        0,
        0,
        0
      ]
    },
    {
      "command": "bedops -i data/a.sorted.bed data/b.sorted.bed > /dev/null",
      "mean": 0.09840755309333332,
      "stddev": 0.0003755880431805367,
      "median": 0.09849977236,
      "user": 0.09246113333333333,
      "system": 0.005438286666666666,
      "min": 0.09745077286,
      "max": 0.09910502286,
      "times": [
        0.09803610586,
        0.09834168986000001,
        0.09827343886,
        0.09910502286,
        0.09862114786000001,
        0.09885585586000001,
        0.09875189686000001,
        0.09831706486000001,
        0.09851268886,
        0.09768835586,
        0.09860506386000001,
        0.09822935586,
        0.09796981386,
        0.09853293986,
        0.09823310586,
        0.09848685586,
        0.09838985586,
        0.09877006386,
        0.09844743986,
        0.09858252286000001,
        0.09872206386,
        0.09869881386000001,
        0.09854160586,
        0.09886789686,
        0.09855202286,
        0.09791635586000001,
        0.09793381486000001,
        0.09745077286,
        0.09804443886,
        0.09874852186000001
      ],
      "exit_codes": [
        0,
        0,
        0,
        0,
        0,
        0,
        0,
        0,
        0,
        0,
        0,
        0,
        0,
        0,
        0,
        0,
        0,
        0,
        0,
        0,
        0,
        0,
        0,
        0,
        0,
        0,
        0,
        0,
        0,
        0
      ]
    }
  ]
}
