command,mean,stddev,median,user,system,min,max
gia intersect -a data/random_a_500000.bed -b data/random_b_500000.bed -o /dev/null,0.21611899450000002,0.001724711284020305,0.21601864750000002,0.20403607333333332,0.010894606666666667,0.21444664750000003,0.2178916885
gia intersect -S -a data/random_a_500000.bed -b data/random_b_500000.bed -o /dev/null,0.07985616150000001,0.0003188113346730362,0.0797057315,0.07450207333333332,0.004746273333333333,0.0796403975,0.08022235550000001
bedtools intersect -a data/random_a_500000.bed -b data/random_b_500000.bed > /dev/null,0.9986880368333333,0.002780396345812931,0.9978397315,0.9642127399999999,0.031043939999999996,0.9964306065,1.0017937725
bedtools intersect -a data/random_a_500000.bed -b data/random_b_500000.bed -sorted > /dev/null,0.45916442550000003,0.007185711271794034,0.4619088975,0.44477407333333335,0.013590940000000001,0.45101093950000004,0.4645734395
bedops -i data/random_a_500000.bed data/random_b_500000.bed > /dev/null,0.22042157816666672,0.0009731050208278256,0.22078256450000003,0.21104374,0.00861594,0.21931956450000004,0.22116260550000003
