command,mean,stddev,median,user,system,min,max
gia intersect -a data/random_a_10000000.bed -b data/random_b_10000000.bed -o /dev/null,42.60097125761334,0.09745364839259392,42.61484193828,41.27596075333333,1.3183780533333331,42.49732543828,42.690746396280005
gia intersect -S -a data/random_a_10000000.bed -b data/random_b_10000000.bed -o /dev/null,1.2365325359466668,0.0005602308297125334,1.23673768828,1.1648070866666667,0.07069738666666665,1.23589864728,1.23696127228
bedtools intersect -a data/random_a_10000000.bed -b data/random_b_10000000.bed > /dev/null,293.55398207727995,1.4428974283613656,292.95117285528,288.59464942,4.926622386666668,292.51024031327995,295.20053306328
bedtools intersect -a data/random_a_10000000.bed -b data/random_b_10000000.bed -sorted > /dev/null,103.73526645161333,1.0723369409918686,104.14393922928001,101.99113942000001,1.721314386666667,102.51868185428,104.54317827128
bedops -i data/random_a_10000000.bed data/random_b_10000000.bed > /dev/null,3.517573007613334,0.014218391231053364,3.5105185212800003,3.3969054199999995,0.11938538666666665,3.5082613132800002,3.53393918828
