command,mean,stddev,median,user,system,min,max
gia intersect -a data/random_a_1000000.bed -b data/random_b_1000000.bed -o /dev/null,0.62238821966,0.0021850508744564977,0.62336085866,0.5955996066666667,0.025173619999999997,0.61988573366,0.62391806666
gia intersect -S -a data/random_a_1000000.bed -b data/random_b_1000000.bed -o /dev/null,0.13498266399333333,0.0005555915386291669,0.13516094166,0.12638460666666665,0.007897953333333334,0.13435981666000002,0.13542723366
bedtools intersect -a data/random_a_1000000.bed -b data/random_b_1000000.bed > /dev/null,3.4325611363266666,0.0023769613038070385,3.43263210866,3.336264606666667,0.09158895333333333,3.43014948366,3.43490181666
bedtools intersect -a data/random_a_1000000.bed -b data/random_b_1000000.bed -sorted > /dev/null,1.4296220666600001,0.0029269306149341864,1.42802194166,1.3902046066666667,0.038061953333333336,1.4278440246600002,1.43300023366
bedops -i data/random_a_1000000.bed data/random_b_1000000.bed > /dev/null,0.38902995566000004,0.0009048415701591063,0.38926698366,0.37261893999999995,0.015444286666666663,0.38803019166,0.38979269166
