command,mean,stddev,median,user,system,min,max
gia intersect -a data/random_a_25000.bed -b data/random_b_25000.bed -o /dev/null,0.006546199213333333,0.00013861832210185386,0.00651028288,0.00569084,0.0006190733333333332,0.0064290738799999995,0.0066992408799999995
gia intersect -S -a data/random_a_25000.bed -b data/random_b_25000.bed -o /dev/null,0.005735976879999999,0.00010808429910491148,0.00576244888,0.00480084,0.0005694066666666667,0.00561711588,0.005828365879999999
bedtools intersect -a data/random_a_25000.bed -b data/random_b_25000.bed > /dev/null,0.017232643546666666,0.00012536360546160603,0.01718403188,0.015126506666666664,0.0015380733333333334,0.01713886588,0.01737503288
bedtools intersect -a data/random_a_25000.bed -b data/random_b_25000.bed -sorted > /dev/null,0.011428171546666666,0.0002499377341445929,0.01140132488,0.009957506666666666,0.00101574,0.011192740880000001,0.01169044888
bedops -i data/random_a_25000.bed data/random_b_25000.bed > /dev/null,0.013399421213333334,0.000078698681985999,0.013420948880000002,0.011678506666666666,0.0013197399999999998,0.01331219888,0.013465115880000001
